well_id,timestamp,stroke_m,spm,vfd_hz,pump_efficiency_pct,rod_load_kn,rod_position_m,fluid_level_m,operating_status
BGW-001,2026-09-29 18:00,2.8,5.5,45.0,78,32.0,1.4,620,OPTIMAL
BGW-001,2026-09-28 12:00,2.8,5.8,47.5,74,35.2,1.4,615,ELEVATED LOAD
BGW-001,2026-09-27 06:00,2.7,6.2,51.0,69,40.1,1.3,608,ROD FLOAT WARNING
BGW-001,2026-09-26 14:00,2.8,5.5,45.0,79,31.5,1.4,622,SAFE RECOVERY
BGW-001,2026-09-25 09:00,2.9,5.2,43.0,82,29.5,1.5,625,STABLE OPERATION
BGW-001,2026-09-24 16:00,2.8,5.5,45.0,78,32.2,1.4,618,OPTIMAL
BGW-001,2026-09-23 10:30,2.8,5.4,44.0,77,31.2,1.4,620,OPTIMAL
BGW-002,2026-09-29 18:00,2.9,6.1,46.0,71,41.0,1.5,595,ELEVATED LOAD
BGW-002,2026-09-28 12:00,2.9,6.4,49.0,67,44.2,1.5,590,ROD FLOAT WARNING
BGW-002,2026-09-27 06:00,2.8,5.8,45.0,75,37.0,1.4,605,SAFE RECOVERY
BGW-002,2026-09-26 14:00,2.9,6.0,46.0,72,40.5,1.5,600,OPTIMAL
BGW-003,2026-09-29 18:00,2.7,5.2,43.0,82,29.0,1.3,640,OPTIMAL
BGW-003,2026-09-28 12:00,2.7,5.3,43.5,81,29.8,1.3,638,OPTIMAL
BGW-003,2026-09-27 06:00,2.7,5.5,45.0,79,31.0,1.3,635,OPTIMAL
